trial,penalty,C,degree,groups,cv_acc,cv_std,train_acc,hypothesis
1,l2,0.001,2,学習習慣+家庭環境+生活,0.709,0.02,0.734,全グループを使い、C を桁で広く振って l2 の傾向を掴む
2,l2,0.1,2,学習習慣+家庭環境+生活,0.7215,0.024,0.763,全グループを使い、C を桁で広く振って l2 の傾向を掴む
3,l2,100.0,2,学習習慣+家庭環境+生活,0.6422,0.045,0.823,全グループを使い、C を桁で広く振って l2 の傾向を掴む
4,l1,0.01,2,学習習慣+家庭環境+生活,0.3291,0.006,0.329,l1 でも同じ C で試す。強い l1 では係数が全部0になるはず
5,l1,0.1,2,学習習慣+家庭環境+生活,0.7404,0.028,0.756,l1 でも同じ C で試す。強い l1 では係数が全部0になるはず
6,l1,1.0,2,学習習慣+家庭環境+生活,0.7027,0.032,0.778,l1 でも同じ C で試す。強い l1 では係数が全部0になるはず
7,l2,0.1,1,学習習慣+家庭環境+生活,0.7184,0.012,0.734,degree=1 に下げると過学習が減って CV が上がるか（l2 と l1）
8,l2,1.0,1,学習習慣+家庭環境+生活,0.7152,0.017,0.737,degree=1 に下げると過学習が減って CV が上がるか（l2 と l1）
9,l1,0.1,1,学習習慣+家庭環境+生活,0.7405,0.016,0.741,degree=1 に下げると過学習が減って CV が上がるか（l2 と l1）
10,l1,1.0,1,学習習慣+家庭環境+生活,0.7216,0.015,0.741,degree=1 に下げると過学習が減って CV が上がるか（l2 と l1）
11,l2,0.1,1,学習習慣,0.7405,0.019,0.731,"グループを1つずつ外して、どの情報が効くか調べる（l2, C=0.1, degree=1）"
12,l2,0.1,1,家庭環境,0.6709,0.006,0.671,"グループを1つずつ外して、どの情報が効くか調べる（l2, C=0.1, degree=1）"
13,l2,0.1,1,生活,0.6488,0.022,0.684,"グループを1つずつ外して、どの情報が効くか調べる（l2, C=0.1, degree=1）"
14,l2,0.1,1,学習習慣+家庭環境,0.7216,0.023,0.725,"グループを1つずつ外して、どの情報が効くか調べる（l2, C=0.1, degree=1）"
15,l2,0.1,1,学習習慣+生活,0.7247,0.017,0.744,"グループを1つずつ外して、どの情報が効くか調べる（l2, C=0.1, degree=1）"
