trial,model,alpha,degree,cv_score,cv_std,train_r2,n_nonzero,max_abs_coef,hypothesis
1,Linear,0.0,1,0.8227,0.053,0.842,14/14,3.6,degree を上げるほど訓練R²は上がりCV R²は下がる（過学習）はず
2,Linear,0.0,2,0.6443,0.106,0.92,119/119,9.6,degree を上げるほど訓練R²は上がりCV R²は下がる（過学習）はず
3,Linear,0.0,3,-1.1404,0.773,1.0,679/679,10.3,degree を上げるほど訓練R²は上がりCV R²は下がる（過学習）はず
4,Ridge,0.01,2,0.6569,0.102,0.92,119/119,9.0,まず alpha を桁で広く振り、Ridge と Lasso で良さそうな桁を掴む（degree=2）
5,Ridge,10.0,2,0.8296,0.05,0.89,119/119,1.0,まず alpha を桁で広く振り、Ridge と Lasso で良さそうな桁を掴む（degree=2）
6,Ridge,1000.0,2,0.7399,0.035,0.776,119/119,0.3,まず alpha を桁で広く振り、Ridge と Lasso で良さそうな桁を掴む（degree=2）
7,Lasso,0.01,2,0.8254,0.061,0.893,64/119,2.0,まず alpha を桁で広く振り、Ridge と Lasso で良さそうな桁を掴む（degree=2）
8,Lasso,1.0,2,0.771,0.054,0.774,1/119,3.0,まず alpha を桁で広く振り、Ridge と Lasso で良さそうな桁を掴む（degree=2）
9,Lasso,0.03,2,0.8374,0.049,0.87,29/119,2.3,Lasso は alpha=1 で非ゼロ係数がほぼ0（#8）。0.01〜1 の間を細かく見て、Ridge は 10〜1000 の間を見る
10,Lasso,0.1,2,0.8336,0.057,0.849,13/119,3.3,Lasso は alpha=1 で非ゼロ係数がほぼ0（#8）。0.01〜1 の間を細かく見て、Ridge は 10〜1000 の間を見る
11,Lasso,0.3,2,0.8198,0.059,0.825,6/119,3.4,Lasso は alpha=1 で非ゼロ係数がほぼ0（#8）。0.01〜1 の間を細かく見て、Ridge は 10〜1000 の間を見る
12,Ridge,30.0,2,0.8335,0.045,0.876,119/119,0.7,Lasso は alpha=1 で非ゼロ係数がほぼ0（#8）。0.01〜1 の間を細かく見て、Ridge は 10〜1000 の間を見る
13,Ridge,100.0,2,0.8251,0.045,0.857,119/119,0.6,Lasso は alpha=1 で非ゼロ係数がほぼ0（#8）。0.01〜1 の間を細かく見て、Ridge は 10〜1000 の間を見る
14,Ridge,300.0,2,0.8035,0.043,0.832,119/119,0.4,Lasso は alpha=1 で非ゼロ係数がほぼ0（#8）。0.01〜1 の間を細かく見て、Ridge は 10〜1000 の間を見る
15,Ridge,30.0,1,0.8131,0.048,0.833,14/14,2.9,degree を 1 と 3 に変えると、正則化の最適な強さと CV R² はどう動くか
16,Ridge,30.0,3,0.79,0.072,0.909,679/679,0.5,degree を 1 と 3 に変えると、正則化の最適な強さと CV R² はどう動くか
17,Ridge,300.0,3,0.8118,0.045,0.862,679/679,0.2,degree を 1 と 3 に変えると、正則化の最適な強さと CV R² はどう動くか
18,Lasso,0.1,1,0.8269,0.058,0.837,6/14,3.6,degree を 1 と 3 に変えると、正則化の最適な強さと CV R² はどう動くか
19,Lasso,0.1,3,0.8292,0.054,0.854,22/679,3.3,degree を 1 と 3 に変えると、正則化の最適な強さと CV R² はどう動くか
20,ElasticNet,0.1,2,0.8382,0.047,0.858,30/119,1.2,Ridge と Lasso の中間の ElasticNet は両方の良い所を取れるか
21,ElasticNet,0.03,2,0.8358,0.051,0.878,50/119,1.3,Ridge と Lasso の中間の ElasticNet は両方の良い所を取れるか
22,ElasticNet,0.3,2,0.8216,0.054,0.835,20/119,1.1,Ridge と Lasso の中間の ElasticNet は両方の良い所を取れるか
